feature_0,feature_1,feature_2,feature_3,feature_4,feature_5,feature_6,feature_7,feature_8,feature_9,feature_10,feature_11,feature_12,feature_13,feature_14,feature_15,file_id
-347.19579687294055,26.97699650335897,3.1488535138178455,2.2381198354168266,-14.051157643732848,-14.034724373119008,-27.29616521225751,-2.473074710533663,-10.476787796781107,-0.08901867352746015,-7.553750991821289,-8.259968569170844,-0.9508673120861405,47.22110220625357,0.053115296896700304,0.21414877300613497,common_voice_en_41678595.wav
-314.1994771857011,91.92210639652453,24.667199875806507,36.05387118427377,-10.23453111523076,-8.303556811848754,-13.355540363098445,-15.371536044521552,-3.224504765397624,-8.022207963623499,-6.961990616980352,-3.0062826139362233,-6.544250418951637,47.358101637426174,0.04814498495114477,0.16234580592105263,common_voice_en_41746309.wav
-354.55927838134767,41.623808629383646,-19.348403890012452,8.884475038742025,-19.327687942662585,-4.532997316728036,-19.479159373189013,-14.529151187678178,-6.85277156806613,-1.1468548970470827,-12.277355285789817,7.222622750631844,-7.274327694450195,39.818299152056376,0.051360536541566644,0.18424348958333334,common_voice_en_41651891.wav
-337.24273294083616,41.303737698400276,16.75029607022062,0.7142556645768754,-26.34760028777763,-7.434316157502063,-15.748228290217353,-10.174143221784146,5.153107081163437,-12.924895681599354,-7.5114133910454335,-5.845718920864957,-1.0913680898065263,32.38467773161036,0.05674971635992426,0.15936409158909576,common_voice_en_41686449.wav
-280.0704390421635,54.609629511244265,4.083645546824491,7.34117743168261,-31.720946134095463,-3.030477355469601,-19.712682130808176,-6.467834849193293,2.375041120590744,-10.734279117736762,-9.116659445993351,-10.201143097887677,-1.6592000481406493,69.03474132353519,0.06492615585876013,0.21130473673844538,common_voice_en_41686475.wav
-349.18857739188456,36.215730766681105,8.720915254205465,5.364045204086737,-19.651951482350174,-17.26286206258969,-12.656487091190435,-7.17426774024286,-4.580415365455503,4.140711693939838,-13.1229702136056,-5.03823930283331,-1.4018723724240607,50.71142808144743,0.04742821810156288,0.23738791725852273,common_voice_en_41691860.wav
-305.6119978024008,34.64251455516539,16.204791899961183,-2.977347817406175,-20.90909619092282,-7.500120438366895,-13.30175894294494,2.867401027483573,-3.415104410252941,-7.895282890930736,-6.857490686167927,1.2333388257001354,-9.781917433179038,45.185945850578165,0.054978146665954776,0.2038053919057377,common_voice_en_41692548.wav
-348.2322135389897,33.49350433737824,5.011734325700162,-17.706321974481014,-24.401212558281003,-7.992485784974537,-16.585717847113287,-8.163736294660913,1.2993638109856922,-0.5977794212338171,-12.94086561330774,-1.2570621993621451,-3.8756694960849067,76.58426887006091,0.05412375505113238,0.22842139528508773,common_voice_en_41633345.wav
-284.24444187528366,42.332916877700086,-0.8287048112925652,5.671163908889927,-16.663190516631634,-15.513310417903904,-23.183071332044623,-2.600772292998569,-10.442835166586633,-5.486819087933455,-11.256267327428853,-5.8491875160779205,0.9917462458563543,67.65549588623878,0.06424341062555332,0.21194647951244813,common_voice_en_41678634.wav
-419.05804891076707,23.41255774830987,-5.777143237756864,2.2416183842658883,-5.25915173160353,-10.071823854255312,-25.016828527105332,1.6220279089992737,-9.429976199938425,2.888801042552156,-4.9768227839430095,-6.184983716545385,-0.9030933350409943,81.45530479554911,0.03528663702963921,0.2908553494751908,common_voice_en_41646916.wav
-370.67345020789224,79.42836941630786,20.086052941115756,30.051656929932477,7.1161482692020765,7.188469126479316,-20.776145851111593,-21.840882293368114,-3.7330639630783606,-3.3822122971520168,-4.828829536001191,-3.444834154468911,-3.5233093866410146,48.617496787136744,0.034211007695119006,0.1404609971374046,common_voice_en_41746094.wav
-400.7883353444327,78.32803815510948,8.878800394260779,44.92038422572402,-12.101162783603753,-0.452280866493166,-12.700160394859525,-23.39375451873098,3.276292544216808,-6.1821817237125565,-10.602390907605928,-1.0032390269689855,-10.163098080298015,40.27800263345769,0.030540875816116735,0.18019522607853983,common_voice_en_41289374.wav
-408.31096931983683,52.43047035151515,-26.97865024003489,20.06756427293194,-14.052874124769506,-3.9152803410743844,-8.791608682994184,-11.213739171624184,1.6708430099333156,-14.540390389489717,-9.028160717466783,-4.283516625648942,-5.544722463036406,50.60572814196348,0.028879553770664267,0.17518352640086207,common_voice_en_41307772.wav
-367.7296718568292,94.90946459224206,25.781712097976044,38.82436058903468,-5.69982098714086,-6.606139356853398,-5.611295669133426,-16.606063141451994,1.308263129917265,-6.021157895108216,2.84528549601331,-9.564641971624534,-5.5482360230374885,16.96161216531546,0.04824649016251779,0.10260615458015267,common_voice_en_41366367.wav
-443.18286365011465,10.337347418588141,12.495217005584552,4.39618784085564,-17.684142429154853,-6.618252616472867,-13.183381823612295,-7.310163152047798,-4.260330747003141,2.384062820996927,-4.564176394174928,-3.971486820280552,-1.4246522757022277,53.597793830995975,0.029745275381606814,0.2589631453804348,common_voice_en_41654122.wav
-367.4821111303176,87.03446466394149,17.088421799623184,29.271979050642816,-6.162328667829942,3.701084328570614,-13.12938729200485,-16.435971485709185,4.397080063874269,-4.91696436028846,-12.408817930704485,-6.093401765627583,-3.8378539154999447,24.28514012585591,0.04236753029995171,0.15652443544708028,common_voice_en_41289375.wav
-319.57364385268266,85.5049195799598,-7.72166176283742,25.907614219316187,1.9012081244970387,-8.048222968205412,-14.723786322828282,1.1480348672777574,1.0573774035920434,-6.902897316902717,-3.6899480776970877,0.9731399083838743,-9.366839500911096,22.443669396527312,0.0638380680330668,0.12152197526737968,common_voice_en_41693119.wav
-362.27935559502964,85.32331751469394,12.071346092892105,33.194821000921316,-1.008640791989606,3.8744021438319107,-10.694532829523087,-29.633887208933974,-1.7961887376318717,-13.165637603915972,-9.55911639098335,2.354253745355226,-6.991886465932275,24.601155952544048,0.0480025251064568,0.1494645743534483,common_voice_en_41290195.wav
-392.79139515269884,41.628482172688976,-20.648166840608148,5.130962650901215,-12.90650071054697,-8.008034848040817,-25.846772559029475,-13.247451685326682,-5.497911044811322,-0.7656900507313285,-12.177772329866208,8.332775723409247,-6.513356564507227,59.62587528635155,0.037624591075704795,0.21439319957386363,common_voice_en_41405074.wav
-365.8907255933464,83.57340238170127,14.027903862685138,6.303696817917631,-15.577627087690237,-13.963418070808311,-11.634848118259038,-10.323434683198185,-12.751834158952526,-3.655698081833779,-7.883289704605334,-6.8075539082547145,-5.697323999308438,30.934611434536862,0.04163745733959105,0.12684869490606937,common_voice_en_41539028.wav
-305.4701885851418,36.712661189495066,-2.561787489638096,4.014529220950676,-19.529251012115218,-20.572490523264904,-16.34875916028168,1.0928229274273646,-5.645112890423071,-5.123682358988175,-13.971804569375406,-2.8144398783310884,-8.648593407178797,43.14908131927979,0.05981305249470008,0.21614662728658537,common_voice_en_41605033.wav
-391.07280608842956,65.37464288158237,23.223318262060857,28.646122641439707,-11.233806742390371,-4.710122024675585,-8.987021346840093,-3.009835289193774,7.459416135864438,-3.7070798274340495,-1.6664339926726413,-4.1612420273277,-2.85826285367937,28.12827446698299,0.03358663900226535,0.13703659345518868,common_voice_en_41368770.wav
-302.52138509605135,38.08516401279396,14.413959294633212,9.676959564843154,-14.952784348335967,-24.63054148610776,-24.005179660574434,-6.259000213769487,-15.183495621428575,5.282443776726723,-10.10015090815912,-9.577977765351534,-1.7789985831770194,49.743504715449916,0.061029454477569474,0.2214615720177665,common_voice_en_41704461.wav
-408.902156829834,79.89859601830108,10.244837195486635,9.10345049282989,-8.815661606353682,0.3099817923597387,-35.688778608634664,-0.9894023650401348,-18.892890024829555,-10.351717426366097,-14.659282205878077,-10.0569285347655,-10.12466782401945,72.02225199523005,0.03507051946463754,0.26936629011824326,common_voice_en_41485931.wav
-388.47037605617356,134.3531583081121,3.668779344662376,17.121455299141616,-3.7425135477729468,-1.8179655424926593,-3.382865997760192,-19.962048328117184,3.6521970506595527,1.0982023347979006,-3.305360680365044,-3.8681052461590455,-3.2860794895045133,14.96443405099537,0.024533673360407272,0.07868758491847826,common_voice_en_41307214.wav
-351.64506579637526,61.2965547724627,-3.342557573101173,32.46915812360433,-14.959593433576325,2.679963556646059,-3.009733184768508,-27.160605666569122,-4.5062720646771295,-5.196081770583987,-4.645276906015352,-5.85061377667201,-4.069305650796741,42.25355663150549,0.0409604024135468,0.18292236328125,common_voice_en_41693457.wav
-295.2255183133212,77.55176972418545,18.067420115445387,11.194779888831357,-11.614189074359794,-22.85613131730314,-28.935322661769582,-7.587737966667522,-19.078486734533055,-11.400230753708652,-7.5304362045571125,-6.577207591359747,-3.500366646975757,26.823685192806835,0.046657447831724416,0.19297031667780748,common_voice_en_41685590.wav
-405.74131139119464,64.14445266211588,5.75919252730833,29.654082191295412,-1.1278667182515503,-0.5613331794647464,-3.231088880157354,-16.865447585169665,-0.3835858449376389,-10.052607893770306,-7.230140693741394,-1.2170545259951706,-3.168435682601971,25.73986268291871,0.03707004030717394,0.13921760110294118,common_voice_en_41290431.wav
-393.3748162759317,74.79941060293365,18.246499288726497,14.615593567893312,0.7584545227220735,-0.6159295110485038,-11.412718197934934,-11.869153626263142,-19.495670932370263,-12.362330305918649,-16.668039256052392,-4.863504764749794,-10.069876438862568,25.258496271396005,0.028083796632382946,0.15999458931587837,common_voice_en_41823983.wav
-360.1632146046574,83.35109333122583,3.8444141659857634,25.536985454030503,-9.488630475574418,8.70758864059484,-5.4995223223266745,-21.078983843102492,4.660390029836418,-7.374129944557982,-9.585254733499728,-3.43723047583511,-7.61820828570123,31.669618537215364,0.045095845726100925,0.16735197368421054,common_voice_en_41289606.wav
-377.0516435426447,87.8148041327438,9.965315076267773,34.953924896337526,-1.7882865696744534,-5.841806655507451,-9.846735973195111,-4.36189149784534,-2.0702123987100047,0.9792363977752994,-6.191925241373847,-7.927365913051661,-4.8651524881410495,20.212881108837813,0.044324512356849026,0.13723330647421525,common_voice_en_41678018.wav
-308.20041489704346,37.66487602847608,-11.800421899563565,-1.1396846748985254,-11.246574254343649,-6.744630189991487,-9.488506165200047,-6.2694083764923345,-7.565267399743651,-5.756302834250581,-10.469130473203345,-3.0357981250657664,-8.742401021052942,102.76105489720514,0.06551139914517416,0.3339547821969697,common_voice_en_41586424.wav
-325.1419646593989,82.6871705963498,12.809102969915688,32.47665671264233,-15.824589086227677,14.715266082815978,-7.391047990646492,-28.091963026799313,3.748126768336004,-11.043638713505803,-5.764269946282413,-2.989714256152004,-12.995464119578706,25.628749465861286,0.053436488813073627,0.15768162733843538,common_voice_en_41289558.wav
-358.4448129702837,69.76823435188868,12.662611367228704,19.281526553325165,-15.101538745638651,-10.159809424900091,-6.345379854624088,-5.7753406556753015,10.607408746694906,-0.012292657525111467,0.3680203791039112,-0.38323021097443044,-7.545595104495685,20.717621489881704,0.045718581736787785,0.1241924579326923,common_voice_en_41368771.wav
-473.3179947989328,76.05535921709878,-1.7758641181247574,21.91241966251816,-6.055447115642684,-17.968559046621834,-15.82548344454595,-10.359612735467298,-19.50060580308948,-1.3890895654048239,-7.39933756334441,-10.694693781861238,-13.020056638760225,123.05727939520564,0.013467283751202987,0.21685965401785715,common_voice_en_41489529.wav
-375.3666179180145,67.53606376191601,3.6040080344925323,32.8311915329347,-0.7445595588845512,3.509394330671057,-12.020718661136925,-22.162528284902994,0.13487761033078036,-7.311197618643443,-11.75396512169391,-4.96571627818048,-0.757864742539823,37.93246917426586,0.0350370424540453,0.16802978515625,common_voice_en_41291129.wav
-376.74094223649536,29.495861005803494,6.848502107315429,10.701653877541117,-19.34168339341764,-13.429196440455287,-15.13599567214818,-0.5072100985004273,-6.224517076926893,-5.418656345278229,-8.442241397788365,2.4388173246271396,-6.015614921112277,59.3461438931831,0.04136871056093226,0.1904831977739726,common_voice_en_41692600.wav
-364.3741244244319,99.8856715220277,-2.9178967509538896,29.95436326149971,8.890300926341805,14.093497743209204,-3.038174469224227,-15.258052100417434,-6.836557149166061,1.0065337556103866,1.5466459185205481,-9.049135337593736,-9.558554498759168,18.681144907429655,0.03621032442841228,0.11829794606854839,common_voice_en_41798305.wav
-362.58055539401073,67.71050896509638,6.385654222290471,35.042291042939674,14.08466537718503,-5.540828625829715,-14.944489907543614,-17.573197831101012,-7.386311672346772,8.480918881465804,-20.522351400469834,-0.9840894960007578,-0.06874894983363601,50.06579695895033,0.03423929474943094,0.1623627284787736,common_voice_en_41662681.wav
-352.98621417167493,78.94165383780697,4.114866196941164,38.3382307545359,-10.678801384215292,-6.53149025321455,-5.25137133882346,-23.280143863864634,-1.48462610438298,-7.289887482286396,-10.921757087839726,-2.38805143035164,-2.0175177673144,35.9719666622411,0.037958002109007793,0.17755815319548873,common_voice_en_41290179.wav
-275.0938636857241,75.86349489286467,30.091268121950367,11.491839036496764,9.339275187666193,1.5455214839598854,-20.626372476670948,12.970182255893794,-9.443865730431932,0.3858508598532168,-6.087265746147954,-6.809372019646736,-7.581911918097341,33.12853886852712,0.07909744623918465,0.17582586453045684,common_voice_en_41669299.wav
-310.5161172862976,38.10296564698219,6.621995390615155,12.18783889355198,-27.235848908270558,-17.23138241421792,-19.077444548424214,-7.469824010902835,-1.3832704538299192,-3.5199169125287764,-13.188701735196576,-0.6960877940539391,-7.120509532959231,53.61413955919204,0.06163677239418713,0.23125,common_voice_en_41633342.wav
-372.9050623178482,74.28628372587264,19.58780124783516,46.65566453523934,3.3848221071239095,0.027187437983229756,-6.312004761071876,-20.44875146728009,1.3356574506033212,-9.127829267643392,-12.071824513492174,-0.4385245470330119,-5.659741815645248,16.831111053703353,0.0410064600143869,0.12795639038085938,common_voice_en_41290178.wav
-349.3209899696144,95.74241705198546,17.556129818429817,48.4974916657886,0.685791360969479,-3.3221212281165897,-12.299798039568437,-17.737313847082692,3.175923503129869,-7.283241905372691,-2.5157203150762095,-5.431101636508027,3.6237220675558657,23.553950102748097,0.03482730933496527,0.11411924619932433,common_voice_en_41350374.wav
-383.9888209071728,65.02363492753527,15.904819403766492,41.44894704496095,-1.0207051787901362,1.5187768439907547,-8.69612012584822,-13.006604931770115,-0.2377383585233207,-5.7373019294181,-12.488749777505157,-3.342311523102839,-6.906073130462148,26.766863079792863,0.043483559641046686,0.14670387758027523,common_voice_en_41289398.wav
-389.19866377642364,41.498532969023096,-11.66331536789127,37.644031192372445,-9.59763691080164,-6.84367016758643,-17.29864300346496,-5.373282408886621,-10.786131153909528,-10.66004636660725,-7.64820384006111,-5.62737849836244,-7.432999259253749,52.01003879318837,0.03413831889293779,0.24674811330782312,common_voice_en_41543184.wav
-322.63664093017576,91.48923649390538,1.6839785394214448,41.31269470141048,-7.279654337394805,-0.5991289706457229,-2.6156433372270493,-33.67897813348543,-3.1036913684436254,-13.887746292068845,-9.941063375132424,1.402483093738556,-8.90754979494072,23.462531426974707,0.04444428010912296,0.13606305803571428,common_voice_en_41290187.wav
-340.21502232669025,30.104037617264417,-6.229970799951718,3.691985887920328,-10.266621543957022,-16.35925180079608,-28.58142993096354,2.1747480711780414,-12.358111778154896,1.7276215677704718,-8.63759160822652,-4.402862354232172,-4.489273717195676,50.739904549321516,0.0508922638490391,0.21182506542487683,common_voice_en_41646865.wav
-312.6163503286001,75.7193197914072,30.326807443958682,4.196516144517306,-5.813030357296403,-16.482235789701747,-24.694491205988705,-24.578804606118716,-10.649775810439039,1.373131572948517,-19.63173768729777,1.4286546836028229,-4.190259611183727,10.636209460931855,0.07029159378018104,0.17640479835304054,common_voice_en_41415275.wav
-392.38778240819977,63.442503726717945,8.569379168072926,17.815930130248216,-1.879349629340303,2.333473665889391,-12.061314631266283,-15.025782072052513,-13.882432918989219,-10.138292451955609,-16.40305073285328,-10.495765001196222,-12.819073967251581,67.47435586395133,0.03720894837663723,0.29104582796391754,common_voice_en_41518962.wav
-381.0194781983452,86.89789764539098,13.414839955133225,24.068752580051182,-5.132997979531812,-2.284146512170884,-35.42798176841645,-5.686585176688961,-20.834300687418708,-14.690064123222596,-13.76142208385065,-17.153311018513726,-7.300758800174616,45.80504166161964,0.041374274837685736,0.21098488594409281,common_voice_en_41485470.wav
-369.6853198597138,27.10017764779495,-9.689120361691012,1.9354636580708193,-9.05176335461637,-12.929351445068331,-22.8020001367372,-1.5344176640246003,-7.2033526656382225,-0.016563659723111013,-1.4067848504067741,-9.517990447680422,4.313742307298642,94.64944777243278,0.04411061345920575,0.31347395137032086,common_voice_en_41653930.wav
-415.54511273917507,90.76954195446382,6.906666494779667,5.55406887740907,-3.374779214166989,-31.671444408848124,11.120222618645531,-13.84947928066476,-17.86704394246562,-9.508861117317515,-17.92027263444359,-0.11884832647392306,-16.23952218332975,48.06257426252557,0.02133356689405422,0.2345260361493644,common_voice_en_41587501.wav
-341.88081659460966,18.698910918385494,2.024113323221001,10.991957927052423,-8.674137801564527,-16.47674892804111,-21.95193065801319,-5.773698005368406,-13.937899719291138,2.9547371109420397,-4.663378761694679,-12.255157275160528,3.369136652013041,66.70270528152304,0.049761362216375185,0.2519508217865566,common_voice_en_41664193.wav
-365.33617055851175,44.99784213511178,-2.818412548542893,0.4698217996824397,-21.040814668212057,-10.802896511271923,-13.454539950529155,-4.235691697058017,5.363435927207452,-11.58198449211399,-5.387440036356884,-9.439628506392022,3.4851314341717394,28.10934398513641,0.043618356768859,0.12498930770985402,common_voice_en_41686470.wav
-367.3699488538377,20.113645992803235,-2.8371269538047468,-2.415715057746316,-14.860514511611868,-17.620363588028766,-10.265459883508953,0.5966708074647484,-1.3866776197303272,-4.5277772281081115,-10.399284047292586,-0.6049398169819767,-5.1544388468172535,33.40870920901603,0.04789190194943686,0.18971631205673758,common_voice_en_41605037.wav
-292.5497999319581,90.4845801190945,-11.582204864965961,42.11487266862339,13.290024652074806,-1.5014546063849745,10.607159837479013,-9.949450156346565,0.6590839982567347,3.6195237497577755,-5.177700124246657,2.938339357352043,-3.576508582907942,29.965429721258147,0.07026155234466938,0.14522754344170405,common_voice_en_41267069.wav
-318.6914848833453,25.03017163968218,-4.28512741841417,15.457294187678322,-17.566804655431383,-20.019744289143638,-24.7446622650103,-10.876341914171507,-8.401161517927331,0.4035724324086753,-5.141683796184004,-3.49857779608741,-2.4031714366244676,54.5092553196691,0.056628564448226615,0.23154242921270718,common_voice_en_41653852.wav
-367.0964008967082,50.61600591273358,13.085146782609323,27.42096324094261,-0.8511715941907217,4.1485876759203775,-13.961266365523139,-15.525094324800497,-2.21410880315428,-11.486256688755626,-7.210364501302441,1.7968720014129456,-4.767854760478561,67.31089318854113,0.03595492857221908,0.2128880818684896,common_voice_en_41290436.wav
-296.8308185886692,84.20403628145252,14.696926401005134,33.691634256560526,-11.406827617872942,-2.8954170297931983,-11.362992655586552,-20.133688549469184,4.8535918202754615,-10.020174388580763,-12.28007711752041,-2.473747595876187,-11.76489235339938,29.307997590920948,0.062201474074017084,0.17119756475225226,common_voice_en_41290379.wav
-340.2649809674519,90.96822596886535,20.705385945919083,19.66237468181587,-6.228003490261916,-18.601685615937885,-11.815919674751235,-5.89072908352061,-12.977685703918702,-6.400432912769114,-14.96790587883897,-4.699459428103959,0.22818113954328909,17.191555705194066,0.051995705997907815,0.14731504858993902,common_voice_en_41547685.wav
-426.3521819070121,54.21338326351665,5.54411654571228,-12.26905759765166,-1.4334341634378256,-7.317532947269555,-10.923422801438893,-6.973793392078342,-16.07546167291492,-3.0231338604309848,-9.571522005459416,-0.16187205841051083,-2.859371069157235,32.07726407803108,0.034476085799005886,0.15364887558411214,common_voice_en_41645566.wav
-300.5101161940826,38.432384021455526,10.957260397703203,1.5952603667662733,-25.026593999415013,-11.130454228388215,-20.14123752647738,-5.308673905898431,0.18898326058766832,-7.510079247308076,-7.565066949733256,-0.8000850854714295,-3.547154352583272,35.10218258108554,0.05648150063820989,0.19292625523012552,common_voice_en_41704512.wav
-365.66182560543365,77.73390488658877,23.84518340594477,-3.385007195764308,-0.6887555229578087,-18.96108806369116,-26.993438046934795,-21.08007034509302,-5.9188566875757935,-0.21037350037543895,-19.051277200845504,-2.1220276693431592,-4.412992296566208,16.145591386573777,0.05457856015348514,0.19125519896582735,common_voice_en_41415276.wav
-373.69742387340915,27.489839703854052,8.827118115896178,0.04355220986950782,-20.620397598128164,-9.456021397969415,-15.297018328116787,-4.148297025311377,-5.938182564368171,-5.39694778808663,-9.718813231106727,-3.2505086519545126,-3.2468738327103277,60.1674170755571,0.042168546491989596,0.21889490927419356,common_voice_en_41632329.wav
-298.09411625883894,39.42626017325273,-5.322282354122019,8.520438030804401,-21.468664095264998,-19.17749966541518,-20.9243539770104,1.5234707970529386,-6.430282585458941,-0.21437700747695143,-11.810319326273655,-2.0265722484349116,-7.457373350110228,59.486076535699574,0.06774833530827937,0.20448951198630136,common_voice_en_41640797.wav
-446.39828106535583,75.2176292546156,10.930537343776527,14.821882558720452,-6.281880675118511,2.6675307360016,-35.82600911725469,-6.79401653754611,-20.178885488450025,-5.743809255732208,-22.055862549473257,-9.25822399293675,-4.044510676329877,75.41701236292094,0.027284919105656297,0.24363182773109243,common_voice_en_41486135.wav
-343.975048828125,74.4873136406048,17.328877378914218,34.23017188320653,-4.9518677246398655,-18.30212063772174,-28.21438267213794,-0.12293637131269161,-22.75128182883446,-2.1645317947921843,-6.459260754573804,-6.665603742290002,-16.490531889177287,18.958212243364407,0.04666036323948132,0.11987680288461539,common_voice_en_41833893.wav
-331.4933232284906,35.10549272840667,-5.7541359224316375,6.155498642863075,-22.304660758353755,-11.948230475737295,-21.56759447460686,3.6861695192706603,0.7282455723300049,-8.877858041470327,-7.158020967973293,0.40765684882662895,-8.988048974541933,94.8701525691926,0.049290896701817265,0.2923305241141732,common_voice_en_41692271.wav
-373.2217053200701,51.82302798834636,15.431667000269718,29.792771212488628,-2.898609819600908,1.5562706540385596,-15.279045307914988,-10.843996303008614,-0.057435408985014445,-3.275451474588552,-6.711338820646135,-2.8518109897272192,-0.6384498159662425,45.781325200371604,0.03538473816548739,0.19528088466726617,common_voice_en_41288974.wav
-360.07503004919124,28.25667336066047,-2.1094755661243547,1.7088602400116646,-26.442913811951524,-11.324541001044997,-10.624438064544215,-2.738927934283414,0.8100153754429915,-5.875977197552949,-10.111879511329617,-3.6213603602174103,-7.4175853687132225,54.56095503402662,0.05063305859154648,0.16676658920094936,common_voice_en_41653613.wav
-324.64743740684105,85.14067392474726,16.9637998431921,25.88933486899263,-2.5116871984381426,-2.9236563030042144,-19.19298645708906,-30.649863663433415,-0.7747137494777379,-13.827540512971188,-2.1783477201469634,2.5976055413288504,-9.204392887926415,29.417748806664818,0.05557965068633884,0.14974300986842104,common_voice_en_41290444.wav
-351.97997508049014,53.28050903286785,32.357680396363136,20.525839811190963,9.729706781730055,2.0303206177428366,-5.782949489634484,-0.6401357023045421,-4.717474777437746,3.6395007729530335,5.422097390703857,-7.002693170122802,5.566834818478673,32.65143015291542,0.04178169467952557,0.1851898193359375,common_voice_en_41795709.wav
-365.1149613790672,27.775779975380477,7.386778633032182,7.702322126132067,-24.87278444536405,-9.7456340699056,-12.550007265747926,-2.7735238382852945,-1.6636180150213355,-4.421886847879967,-10.806222148156365,0.22031316502467213,-8.854292784656227,64.97468820364115,0.05195434346434656,0.19757659741620112,common_voice_en_41653606.wav
-301.3194840510089,114.08206973264092,-20.83961236276629,22.724054056002682,-14.162137689447045,1.4905919423676972,-0.6572393212551461,-9.227476660918473,-8.428864671995765,-5.69681542753277,0.65317182086016,-3.0587764048486723,-6.906528941222599,43.07454481474439,0.05991387275604293,0.1175546287593985,common_voice_en_41284140.wav
-453.75318269471865,77.20384512036233,14.235055832645378,11.827154874499586,-1.847041587974574,-8.79260726363675,-0.08491247529919083,-5.691480721774939,-15.230578049614623,-4.405537624113463,-1.51407170829338,-0.40685027676659663,-4.664429211032552,45.49736344653207,0.02332364720919523,0.22457638302364866,common_voice_en_41290109.wav
-266.7125991746491,94.72726192310745,-10.021061913639892,57.59016461290565,17.006569972517443,-5.303639132894721,-1.3609238984976328,-2.6718659327895034,1.2742467887845694,-2.8347833329702126,-12.287896543193389,-9.200295414355601,4.989445951493347,17.12781077199707,0.08506385276040436,0.11634258195465687,common_voice_en_41550758.wav
-403.45697266714916,72.49324174863952,1.028507826583726,6.44175129942596,6.966140281941209,13.77471578201013,-1.3736699670553207,-13.916480728025947,-10.346502396145038,-4.820424480895911,2.2487873252747312,-6.3694117145080655,-6.040311371375408,51.05935372252549,0.030454584823993564,0.17865426199776785,common_voice_en_41474836.wav
-367.11365888133554,36.241310484331805,1.687891227414619,-1.2355309961053111,-12.46450919027676,-10.948428853492684,-26.177105558159404,-0.17644396237305926,-9.392733567918185,2.590049671790919,-4.475202007721011,-4.71400616910151,-6.069489935057792,18.697521883508433,0.046569630269259525,0.11820652173913043,common_voice_en_41646828.wav
-326.45749695660317,14.684557100987597,-2.442344183689111,9.695243522473802,-16.14123018621786,-15.133118928971458,-24.073706765595364,-1.2418236551321533,-8.226194870849586,4.351457714728297,-8.504609196459594,-5.721101407012711,-1.3380720752151045,93.10538409099188,0.055378335743889666,0.3140818974743151,common_voice_en_41640929.wav
-374.47120599365235,101.12201459010318,9.963088566156104,27.70861845481023,-3.564406295048073,8.414427925969473,-16.675832521751524,-22.479349744960665,0.4484358288906515,-8.302369869202375,-11.019910415008663,-2.3268819173276425,-12.092127804100514,22.92216236114502,0.03747851960427943,0.15275,common_voice_en_41289712.wav
-285.83701073368894,33.10013116814416,-1.0339252377864179,9.909084217332083,-23.231934417903673,-19.15864920479399,-8.177883760964317,-3.265572931004476,-13.032441036233418,-4.21835883760251,-10.880659982813562,-4.062399451239703,-8.105706906268365,49.10679859350502,0.06016859681399497,0.20949119857594936,common_voice_en_41682467.wav
-315.8506133452706,44.127231395924866,2.8119874895428834,-9.303657583730375,-22.31176444944804,-10.218443128725756,-21.45451135026372,5.657107194642657,-3.9377937786605046,-10.076168518432457,-3.907130063875862,-2.48807688081718,-5.843059896612945,80.14929771747278,0.05838815941982986,0.26284391983695654,common_voice_en_41692112.wav
-312.68664194140916,33.947851355611924,3.5154445531981935,12.322097788239725,-17.17986416217138,-22.814738446086118,-26.104371118915857,-6.04019186068216,-10.201739292922458,0.8941313536209468,-8.571409877059022,-4.117567650841538,-3.2363980186761485,35.61736149477535,0.062864926951066,0.19435327292899407,common_voice_en_41640726.wav
-305.62824127065153,16.861302859952183,15.944166490332389,12.949586509239106,-17.083115998639432,-24.391086334048154,-13.484773779715294,-8.810827385876086,-8.845394227508601,4.105699735415446,-10.061953022043943,1.5717220090136126,-3.0753083923484854,63.688018048222446,0.0628985240060521,0.2866464590097403,common_voice_en_41650535.wav
-394.82126250357,16.683184895313012,2.2967472866927303,17.578850643369574,-13.807661000334617,-19.87081305963813,-10.98403022335198,-7.172440095634768,-15.373926596610614,5.739010676882177,-5.367656888475396,-6.244392818261711,-5.70779721639207,50.841269164340304,0.03732700564883495,0.20271042158018868,common_voice_en_41653758.wav
-286.67820102664143,41.53231719164894,-7.856248118126621,12.458210597531153,-19.339196929564842,-21.330348534079697,-30.42201153131632,-2.211986482859804,-9.055198230852302,2.938229317848499,-9.401243859615464,-7.853108852313688,-0.7701647702891093,54.82588832567517,0.0718846794054678,0.1763916015625,common_voice_en_41640903.wav
-352.3029415049451,60.62063092373787,2.536084220130393,22.35780153756446,-0.6382845703591692,-7.480512526441128,-21.68031182044998,-5.480191798444758,-3.946103640693299,-11.61534253159102,-16.456642869305103,-1.7535174176731008,2.003688689717587,39.06032440177304,0.05270362770731607,0.17705909242021275,common_voice_en_41650721.wav
-343.2661118475383,101.11572548287027,9.772435925550909,7.976640383269163,0.5651537361961083,15.941393833632437,-1.7688548020868493,-11.934834954022561,-10.10453450679779,-8.202351771945121,3.0122705820022815,-12.169882462728744,-6.469421152700514,38.39204636196162,0.03832388463362328,0.13306483326342283,common_voice_en_41474834.wav
-351.62124648005323,68.10588443628657,19.233887064854922,31.42361999981059,-1.9619061316461852,5.644295131810797,-11.808106788810088,-35.28824904879196,-1.132464604429114,-7.0522670228473885,-16.405606282354327,-0.4890917451554759,-3.3261725749612223,30.513395846630477,0.045198792455061414,0.18557417022515527,common_voice_en_41290137.wav
-371.4657920446151,82.94439905148286,12.400792080469621,11.530173395688717,-7.90394429465135,2.296930265006347,-35.505343406093424,-9.531644236353728,-27.46318553044246,-4.395837456484636,-17.458252786367368,-23.260064237851363,-5.609176668410118,38.94259469585541,0.04199141198953778,0.23022335737179486,common_voice_en_41486095.wav
-380.8517136667289,22.893410587573754,31.776803231268538,37.68335136661635,13.403408569302044,-4.736434105637611,-8.85583629806106,-2.361624459425608,-6.112498288901121,1.1880634476741154,-1.6580780030903863,-0.07789871863582555,-0.9045060466536704,31.107031089710254,0.029860486003037617,0.22423837699142157,common_voice_en_41795905.wav
-472.8458662156935,127.48193317264706,13.077520365064794,15.873032235479974,1.2566283058810543,10.568087087049113,8.52149597932766,-9.178240311803755,8.782430125521374,1.634480341688379,0.6289853453636169,4.466735099043165,-0.30759977597694893,14.663125326881161,0.010062591880318019,0.08517020089285714,common_voice_en_41307074.wav
-317.18833347536486,68.38665638929643,32.757162715653955,39.815950304644666,-6.011627289484132,13.277731992819774,-4.937382835824534,-15.210093229727924,-11.471858688144001,-15.391702648041383,-4.246040949679958,-3.7392175087014086,1.771938090616802,16.89348785129358,0.06514954214799218,0.15250651041666666,common_voice_en_41295264.wav
-342.52276366262726,21.319568725110905,6.515046276693995,13.017205354300412,-20.595311111798793,-13.472071175141767,-15.820723217003273,-7.008639650182291,-8.999686451425607,2.2853587433244242,-4.105664640845674,-7.47296681320577,-2.158971214475054,60.74340697310188,0.051337166666028326,0.21332563920454545,common_voice_en_41654142.wav
-383.0043581233305,30.754736345233944,-1.1604774182607585,15.97098568255794,-16.853675920680605,-16.032641930669985,-17.000056201811223,-5.474683022838743,-9.092401757589816,-3.199828129809569,-10.377260846729556,-3.127736248651191,-4.782321766046259,57.040583802058414,0.04119197962420814,0.18652702780330882,common_voice_en_41696203.wav
-329.7060643410196,69.12997860608458,5.529384084299308,17.30047435693595,5.369968665345591,1.8311745950153895,-13.55383743964085,-0.4575615470506707,-15.245059374035622,1.0453071825358333,-13.266183094913456,0.07326166676420744,-5.003742354307451,34.02315733272608,0.058862051790784874,0.14573368409863946,common_voice_en_41592181.wav
-388.7815012575975,19.596334923670362,9.015791487059932,-10.832354755808057,-20.85012986472071,-9.649715574124633,-17.79806559416118,3.3458187714663903,-2.8602177089830834,-11.327134790872016,-5.911939430759469,-1.5768283390954358,-5.230074246316703,104.75060805544925,0.03659092890234713,0.37154923624067165,common_voice_en_41764867.wav
-433.2745573977207,77.00810867082988,-0.7157931448297298,23.387865368356096,-14.78300116163619,-1.028141181308327,-27.17727826123542,-4.6993885383749685,-17.04835361495931,-7.460003166228321,-16.827864296364446,-15.05913773432691,-7.238374035303474,85.56379978284768,0.03636216812854606,0.22502147052304963,common_voice_en_41486133.wav
-404.3322578558401,55.54390877435187,22.192817529459962,2.0851769349655185,0.32691640087536405,9.441938726090584,-6.982865343199057,-6.606698710627916,7.299084097209598,-8.141406236075554,-8.17592656812748,-0.15748162767967255,-5.368481777295345,51.934732525789435,0.03078711460681511,0.22193818933823528,common_voice_en_41423014.wav
-375.69404227870285,41.96807646628018,3.300446987436835,0.723790657463347,-20.592022321026796,-11.154652723461199,-22.678787989791033,-1.977569433724045,-9.597556282760232,5.057093236192017,-4.301618290887137,-10.00385421609423,-0.760358403822419,66.68260892789075,0.04549703225046665,0.19130983777866242,common_voice_en_41646807.wav
-323.24064981712485,73.34847311178844,26.720137678695924,24.47201554092971,-8.28288894141995,1.5960143148524206,-3.841888562313416,-4.789401531032047,-7.615893236496164,-6.22535564000689,-3.5144667491410515,-5.517529781368919,-0.9445224492429937,37.58221344303035,0.04722976249495504,0.1819600039308176,common_voice_en_41644631.wav
-313.73688873877893,97.08525914779077,-2.924496134198629,11.057225550825779,-1.5057078973605083,-7.295187745873744,-7.891709944720452,5.609230673083892,-33.234048129331605,3.62226556631235,-7.318121848943142,-14.981102945139774,-8.740024958149744,28.72671721944442,0.04511569599663534,0.14632662259615384,common_voice_en_41503529.wav
-413.6616587416034,81.04517043918092,24.342747641501024,26.773611295376426,20.12915250450094,-0.20729957461774906,-6.328085582111483,-0.23497759153909772,0.7067758796092506,-9.478815909161746,-6.931278557003101,3.0195267412150018,-7.073013106169545,17.930656463047054,0.025456416486836175,0.11930034316588785,common_voice_en_41798570.wav
-431.5566735518606,100.5619961760546,23.397455205985654,37.049425727514176,10.754531486373468,-6.566707219534325,-1.3310018926184919,-26.695951048092788,3.7674306498946653,-8.748320659728753,-12.089117496511328,3.5898426103103382,-4.704099999475211,13.1211110552152,0.033502518695553464,0.0878820586622807,common_voice_en_41290442.wav
-336.817755836854,103.84182550307901,12.338778241273554,44.09143224820734,6.4427301309962965,-8.782730571806113,-17.785078159309325,-28.496035144211138,6.517990151191141,1.1018026946062711,-9.075614579539886,7.850340969661341,-12.3693936971579,12.855540689300089,0.04481804748140475,0.10619986631016043,common_voice_en_41351236.wav
-332.36427452858914,29.466657131256305,4.618051057807013,7.303091411494514,-23.68649141703931,-11.740545927955026,-20.257832978757914,3.534480553005267,-6.5986860214073335,-8.404181544773616,-7.825714630838693,-2.7249997200423413,-5.020955344222569,61.71870003389508,0.05195863002301665,0.19070948911516855,common_voice_en_41764721.wav
-413.68139476888985,100.9792126198492,-7.0632700316123005,4.281518923284034,12.95396755556383,-2.093202613690901,-13.657039519774138,-8.826775531003461,-0.9287084100338129,-1.6381849866117952,-0.41149318284360614,-5.592548610719703,3.052277873870889,38.74937181624435,0.022363331545819046,0.12452905417899408,common_voice_en_41748220.wav
-314.63933997818185,47.57835855344428,-2.8881298072070263,24.63446050778597,-18.215493084509163,-6.730738796340891,-17.990361330205506,-6.775577769013522,-10.496292830079417,-9.661528002234954,-8.400847702841215,-10.31219231507069,-6.930966235225713,79.99696193578878,0.03951621618336409,0.2575127323971519,common_voice_en_41577054.wav
-315.43708676558276,30.964428088508356,5.052011213862361,20.529435661979594,-32.43829655031172,-13.897102074363293,-9.604711593725742,-10.917477190924378,-0.3257316348071282,-1.8181791685712643,-14.714542312213243,-5.533429281642804,-5.163500916570998,68.70847564859268,0.05688765415048421,0.24957118890224358,common_voice_en_41633321.wav
-290.34313708153843,20.168846155666948,4.313265342760404,8.932651482943541,-15.559370354240082,-17.359221445753406,-29.55034447039225,-4.9296650863959774,-12.21577782032872,-1.5386451680570075,-2.966238498198147,-7.682317924241874,0.18007686487986557,64.46939253556394,0.06540141642458552,0.27119460061331774,common_voice_en_41678650.wav
-323.4647922959439,30.788053136578824,3.059965615846621,-2.088378684292006,-17.753297131306443,-12.78134073317051,-17.307378649249557,-8.027219295790491,-5.746940188427535,0.17425658989899842,-11.933450986306335,-2.9581352444004643,-3.0587717550265237,49.50864068251248,0.05757024490677692,0.1973621457122093,common_voice_en_41664245.wav
-337.88535288310374,75.04538902680436,-1.4967760400921775,2.0448473111930983,-1.5111941392846706,1.3841640544311882,-7.837244302034378,-8.804750772602356,-11.466684393551317,-6.774865375238684,-16.032941540193665,-3.353622719979607,1.6508727066569666,32.066792053759364,0.047804081963934965,0.18848094170403587,common_voice_en_41650651.wav
-379.58664938668227,63.342665703497204,0.15363656471822865,20.36867105960846,-8.067198894848334,1.9686570337442595,-14.535241954376765,-3.8279784884408254,9.263268183603465,0.4174018535658578,1.453292624972691,-4.665367540633567,-0.5120673162914883,9.640798423474081,0.037100618993743784,0.10780063522196262,common_voice_en_41526838.wav
-343.78183384945515,99.1157818562106,-12.624113566893383,31.98167774473366,-10.696978030124106,-1.5165176095819115,-9.7442225350025,-27.927568988692492,5.715791959959762,-9.39164834368722,-5.308235153443832,2.299555679517133,-5.90686093326798,31.84497267142274,0.05788205916492975,0.10601577185150377,common_voice_en_41290290.wav
-407.85717254324055,82.53844583034515,-35.022888383453655,44.71484081093798,-20.893582211480926,-18.131803796617024,11.417018469768701,-23.355194451805858,3.8034593143413975,-10.208175279737748,-19.387284720450946,8.345674433313388,-12.418259979196892,51.803086268840374,0.040727710809283196,0.19104884826030927,common_voice_en_41659267.wav
-399.53410354413484,40.918909636963356,6.820228541956136,16.611322957323864,-7.854853078343072,0.915334811850794,-7.962948397733271,-5.125357181091156,-4.438832090383298,2.6333014425625536,-4.66281858314515,-2.505552601069212,-5.533659984504706,68.08474419962026,0.027241653374989926,0.2732286955180921,common_voice_en_41466013.wav
-404.7278514637667,63.41724548515152,17.335196417394805,19.592570833423558,-4.826504785699003,-2.4175627214067124,-27.029255816691062,-14.684529347630107,-17.49491896576741,-15.896891234902775,-10.358267848281299,-13.852275597216451,-7.723631694562295,62.03138845720712,0.0379228436783117,0.24435317095588235,common_voice_en_41485411.wav
-375.41261361163595,6.981731893186984,-18.129530961034092,2.398779462763797,-15.027623531254738,-15.152470341000868,-25.876372594353946,-2.8232562106588612,-9.806230410479982,-3.9874173115129055,0.05240290041850961,-6.108664090899022,-4.050554497620982,39.816780018806455,0.040494290564854034,0.2228812839673913,common_voice_en_41647307.wav
-349.88176650301034,59.460199492547765,14.806667726931222,19.299633499918453,-5.91553433024145,-11.624405159726056,-30.24170512234399,-4.336615343501261,-14.951990454671307,3.815723644484074,-4.530593297418651,-8.947812399049418,-7.754875864936125,41.00102453466949,0.055758959782604936,0.20641977852637614,common_voice_en_41833909.wav
-406.1500612797628,55.1977030859535,2.2607741605007012,26.55199514249809,-10.770575268122986,0.8532090250203628,-1.1628492235682393,-19.60425371670996,-1.6718187602307961,-7.059511749059644,-3.9204527892115464,-0.7403063088484848,-5.370488223328277,38.43769218118591,0.028881179318935607,0.19468630725190839,common_voice_en_41290119.wav
-317.79776963647805,84.62641500242336,9.774674405361402,5.191514418179275,-16.27843652872966,-13.674505807986518,-1.943553193525042,-12.716207326829153,-0.08532010001253407,-2.531232617619746,-13.371409194192514,4.000627377228636,-9.872855632012394,46.5667943763283,0.057783971441306176,0.18870688384433962,common_voice_en_41369027.wav
-355.50430022918425,87.746335587523,26.856581684973865,15.73518975233441,-16.13473959025499,-4.834429419859573,-30.71341911441571,-16.44522576745566,2.2449716792718784,-7.333704761959411,-13.009473841335323,-6.153227255285323,-2.2747824339716285,23.03289675927377,0.048219110681149466,0.16429344383445946,common_voice_en_41684833.wav
-360.1876203488081,67.05765600418434,23.926073528864446,49.718597767291925,11.740390304953625,-6.368142008093687,-14.697476335672231,-31.0799581353481,5.204152605701715,-14.850463116627473,-7.01302943841005,2.874735159980945,-7.067129225761462,27.38873704045247,0.0374932166470852,0.1725135216346154,common_voice_en_41376847.wav
-401.720898882548,37.99516805447638,6.1406408780564865,-0.3606103657434384,-12.30689261679848,-15.601080718170852,-22.171023406585057,-0.23617485016584397,-8.315831717072676,3.407459078977505,-2.4015363628665605,-7.932450816594065,3.3544349630052843,54.53223896026611,0.03925047574029415,0.23277994791666667,common_voice_en_41640858.wav
-483.0507422054515,74.48945105251144,6.4433907363344645,32.698168820055095,0.18521628467475668,-6.643623728524236,-1.4194240661228403,-9.241077756706407,-0.8312586898312849,-5.069427418095224,-6.956067606631447,-2.792447784805999,-7.77824098695727,32.53441519000951,0.02937261304267689,0.16278722426470588,common_voice_en_41289105.wav
-305.4193322779769,20.05824998748031,12.561093389640673,7.421487576212461,-16.517615410415086,-16.768375478798028,-22.054918208743555,-4.063068735660553,-17.122518001034813,4.821585015441149,-3.1375834881906832,-10.511046210430184,-1.2217775762823047,50.08579105425016,0.06290286604780274,0.24690203478107345,common_voice_en_41678647.wav
-376.9931090539243,77.52605153770507,11.630887014087008,42.81444839231607,-9.779224907775887,-0.5021496892538893,-7.883965314968544,-17.177549000954677,-2.0481213921947137,-14.762201630706047,-2.6699094362243883,1.3735618501463358,-6.188346017762518,29.62935220318682,0.0347687259367101,0.15957769826680673,common_voice_en_41290130.wav
-309.0496918814523,45.17646233779156,-12.583176175478314,23.14909166574833,-14.13997208190461,5.4724334891885515,-16.3956987453802,2.8839116652274415,-6.042814861140435,1.803516192661066,-5.78375946877613,-1.4625788422833597,-5.643496897062731,91.20380952925909,0.0421090476727321,0.2383114769345238,common_voice_en_41680077.wav
-429.15577880859377,112.0300495608151,14.028892581760884,3.704497895985842,1.912576637417078,-30.814977027699353,-16.922722345888616,-11.089795311838389,-30.375235918462277,-18.084565969854594,-11.78025311704725,-5.007213220410049,-1.537979057431221,27.77209061264992,0.03822134877331337,0.1633935546875,common_voice_en_41414862.wav
-433.68637628664914,92.55839785603784,14.700578238943528,32.61635738208719,-9.889699851012864,-17.98054857046782,-12.00774119030042,-10.645658145176954,-6.937713540491017,-12.098980709653476,-9.959812551950929,-9.686874629672745,-7.741323970943347,38.59644311495211,0.021998407967100474,0.13241682381465517,common_voice_en_41654965.wav
-361.977257121693,43.02793582558463,3.19644946469502,31.457097760401666,-7.307309315497563,-5.7217695502225645,-13.225241690673018,-4.316978911636397,-7.94703649695624,2.043994390162301,-10.199863362634046,1.2090371719942512,-6.712612647097558,65.61017874357375,0.037034783091164834,0.26482044566761365,common_voice_en_41466012.wav
-427.1386325887965,44.39835549048169,19.54134488051833,26.203262026493366,-6.242385964739511,-1.4845076762982623,-25.34609913394462,-8.2903238448622,-19.222218748536044,-11.557045879137462,-13.482386409191255,-14.012879827308439,-6.314151403456252,80.37414802037753,0.02878629149924,0.2686762054581448,common_voice_en_41485389.wav
-447.19564553194266,48.830859476353886,5.082301932235444,28.994939242208073,-9.790342153981328,2.069297274401368,-7.72376896648906,-13.615486974178186,1.1908584218039069,-4.255362331044188,-6.269309992815346,-2.4100764410050455,-3.5345686668919964,56.962516294315805,0.02453406596974716,0.23414221475290697,common_voice_en_41289083.wav
-373.7486497561137,92.90972054437346,-4.582379516912624,9.859744168168012,-3.0852894200167307,-39.231533242408965,-13.593264793627895,-4.206550223888674,-18.521062443692546,-16.54889143933542,-14.972689859763099,-3.184197041244867,1.4044398673965286,31.361006462946534,0.04629764448445902,0.23772684733072916,common_voice_en_41414853.wav
-360.6768252325396,121.90258682873232,-3.412769080899286,9.36752779602159,2.3024306846848615,-40.41368470747843,-16.5267108332445,-4.6480620976880935,-18.18015395834091,-16.602019462285313,-18.351198591239065,-7.63775168221893,-2.6843233184611544,35.08430969440345,0.05955887360930661,0.18405086436170212,common_voice_en_41414884.wav
-322.46245396270183,85.14164820302375,-9.220936240649134,31.697533330731233,2.340651950179201,17.18629080876985,-6.963816645814861,3.0394943092835436,-20.476776601213505,0.8608742274593243,-7.578413054624011,-2.5313585388394535,-1.9246912421900986,56.33903318211492,0.029315857501451895,0.13571314474907062,common_voice_en_41469700.wav
-351.9871657264424,71.50109834626397,37.56698167419689,23.70285850763321,3.372257905369774,1.2674695199186152,-7.790976076122911,-9.27741220513767,-9.688737184725662,-1.6643047747924367,-4.681703767594807,-6.751039595288389,3.2486073781143534,21.078374286625476,0.04058911605835434,0.18788644719251338,common_voice_en_41647486.wav
-364.1934960727034,103.54783687920406,0.9503370132939569,40.321286641318224,4.42670373916626,10.644023498995551,0.42037991778603917,-25.563415448830046,-0.752067409096093,-3.7483439523598245,-10.675893967624368,-7.212598121063462,-10.220145813144487,17.472731310334698,0.037716439190011566,0.1096477640086207,common_voice_en_41796793.wav
-305.981498905689,39.93037227936886,4.397909950855258,4.047541944778422,-23.4334101057423,-11.02817027710615,-14.771570286336704,0.15248953196828421,0.07709564516493092,-5.4811326843562584,-12.141733258112058,-1.6457660545600374,-9.871140376005236,51.85037184984698,0.06306771662448166,0.18639360549132947,common_voice_en_41653632.wav
-324.465575342593,80.42425785375679,18.873723740001086,43.01064182226749,-5.505364310563259,-7.911550996177223,-12.535739221245699,-21.403615651206803,-2.347574601152345,-9.912949950515252,-8.676953394289898,0.8098768451777489,-8.071847510848032,32.581209370299526,0.04460770067417679,0.13993769106657608,common_voice_en_41290465.wav
-341.18445302424817,57.01190040984222,21.854270281831614,46.043914913845974,-0.7187762480033072,-10.459046086483594,-16.55420217160403,-12.067605346405621,-3.425057028397989,-2.167141149310689,-8.436212269509095,-4.80853822556409,-3.8832279969202843,29.908119914063995,0.047193103809719826,0.17066948265550239,common_voice_en_41290470.wav
-358.76713417248845,81.82021348965473,-1.6987416265102533,31.85371525348761,5.264022839145783,-4.344772672958863,-12.091546849524363,-9.369472616452438,-5.409778443208108,-10.125293218172514,-23.995557110431868,8.79207704556294,-5.243886506481048,47.42041946129921,0.03204208731916972,0.19145633012820512,common_voice_en_41552032.wav
-337.52117209764396,81.9223458422055,36.013480745771396,27.301253196953226,-18.086238016122543,9.89013623591489,-6.893403238001859,-11.785745660276532,-4.854529275201589,0.028689025426810642,3.370711052192832,-7.24969987824278,-8.132706936425382,16.685321132716894,0.04314399715666747,0.15687647405660377,common_voice_en_41350495.wav
-351.2897828046013,45.8727831763818,60.15902898318189,31.764352538458564,12.569308494491612,-1.3075415454804897,-7.49256659162176,-0.4728301848997088,-4.557361981448005,-4.536848096615252,1.3401907319750856,-5.760058064561556,4.021006522371488,13.281360263771871,0.045862489470611015,0.19605210248161764,common_voice_en_41796143.wav
-297.2209858438243,40.467208941742456,3.0926968319584494,8.049388074275592,-17.635152403771393,-16.870944372848,-29.047983130966514,-8.797620328143239,-10.771292367634242,2.622771442681551,-3.8039010583382584,-13.726840753820927,0.9320292951458174,54.60398142337799,0.06542655467480793,0.20335427989130433,common_voice_en_41682485.wav
-318.64946918917775,86.76823194974796,12.829214541143493,28.49907681415964,3.5670280692104557,-2.5166317608795667,-24.390582557263453,-24.433695696196274,-1.4194697050335712,-6.1293929913886505,-8.364483877120161,2.7451956035583316,-7.5206059872039726,27.377793177626188,0.04419442787311573,0.18241526668233082,common_voice_en_41291154.wav
-341.27973068426854,38.00577947765774,9.277522555419377,6.031529937101447,-33.475793132870834,-8.145199016384456,-16.419634784808995,-1.8240591942893793,-1.0229982935493778,-13.662841530967944,-5.2506074666606715,-1.9678059731210982,-6.438300716673365,71.89005526474544,0.05298791967533145,0.2425878299689441,common_voice_en_41764882.wav
-388.95847819401666,56.041561992941325,-28.56307804617253,6.8545006925015,-13.563344784490354,-6.476007202988143,-20.769118888692542,-8.276484422549442,3.7981666367460085,-4.8843818079311765,-15.856052685365244,8.554029469511338,-16.50092389555341,54.23846834242999,0.04086865364315399,0.19590809581043955,common_voice_en_41320212.wav
-483.9365643511762,56.43839140613,11.612074627367022,27.098017457913567,-12.041050087046493,-2.1897725701168342,-22.01517629639788,-9.19745628470248,-21.066378499125385,-9.52144365634892,-12.658106922939583,-10.23252952254408,-5.218020388958873,107.05584077717184,0.02339302575849585,0.26006878863324173,common_voice_en_41486103.wav
-395.01729625104423,27.008184081549388,26.04746279295489,30.62150916142995,12.982863485476518,-0.905697055082454,-3.4339573913736334,-0.6060060467795435,-5.264852537257394,-0.869337708891246,2.124642740071089,-0.6085206655201962,2.7011779509709184,34.308819289038695,0.036386064032524666,0.2019925404743976,common_voice_en_41796169.wav
-374.86614418029785,85.25951473847512,37.382852981047286,19.4469524456128,9.91600763449265,-9.889736252927012,-12.014141983322558,5.182568083006528,-4.4560543561895045,0.1296824560530724,-11.106401832353685,-0.7980345742356393,0.31056736361595894,26.449466155421348,0.03904522491727896,0.19594450919858872,common_voice_en_41799514.wav
-343.9181561524841,95.13929989043324,8.19631080123885,5.1601606733326255,-1.5025364492816486,13.44055226154026,-0.7408944616715113,-9.241188509025793,-14.252321707791296,-7.583620797457366,0.9166457072414201,-8.005660951522918,-8.221728937293607,43.69855074430334,0.040899617924377046,0.15353358477011494,common_voice_en_41474829.wav
-344.812002332587,42.55407878632755,-0.21182115750975514,4.859614840285902,-21.129218251346366,-14.40235523825303,-18.390608414976956,1.6459122951522371,-1.7412317388746152,-5.623012209635865,-7.779932825986945,2.3366728600522038,-6.8137786168540755,65.05262229630821,0.04807967039295915,0.25322522615131576,common_voice_en_41692535.wav
-355.68137914994185,70.68592232115128,18.32353531235062,33.55580524262041,-6.54473703234073,4.825654430643601,-17.788336973623647,-17.078407973105854,-4.644069813493201,-9.69595516295008,-9.061071018962298,-3.685617540634292,-6.545597044833223,23.01452730201623,0.03764917344265354,0.18323112936580882,common_voice_en_41288995.wav
-290.64766641786906,37.1864133237084,1.3744199306342253,5.19344743953389,-18.132047759594432,-10.389534796688967,-20.284016872097734,4.984667084019655,-5.086172622195475,-10.071299766089506,-3.4845815480324873,-0.7198180315221191,-8.006474066407058,27.751758564809325,0.0956202655397943,0.14984947253184713,common_voice_en_41692086.wav
-364.47688542241633,39.9033801463716,-25.584142676797573,3.7047411091220765,-16.887525146746118,-6.998448127445401,-27.518452339127418,-8.381136569680404,-2.3358511122996393,-5.949633968933283,-11.628452405090565,9.497853315941503,-13.38169874910913,77.85067906489839,0.042355696944389856,0.21597953464673914,common_voice_en_41515144.wav
-418.1712133099956,15.00139849532035,0.26790804824521464,10.13946928901057,-13.146656893145654,-12.881356345838116,-12.082140957924628,-7.827944004824085,-7.9657079176076,3.2681926907550904,-7.734483779630353,-8.030300739251318,-0.8835136081903211,36.16804701301359,0.030221214685638365,0.1283266129032258,common_voice_en_41682531.wav
-336.9126772301219,66.35209801737393,7.3878562113392015,40.91076964585581,-10.231993662141194,-3.9360576525817965,-2.5064347191391705,-23.85208827730651,-7.331415603651065,-7.419350290409873,-10.314709348517043,-0.8856880832637581,-5.149949811607878,52.40981394609558,0.04005926347512898,0.20799412237149534,common_voice_en_41290117.wav
-401.9669123782387,66.47703319184387,12.616680321814139,15.051412084057361,4.243603674671318,-10.911802938090094,-8.576175535781474,-5.968658706809901,-10.695076114014734,-0.5584995781507673,-4.902483774891382,-4.259343746153614,-3.2604223303732613,41.39925189259686,0.0300015754498268,0.19222211234177214,common_voice_en_41290103.wav
-307.5298844981076,36.478379668199956,-0.8859722895061442,7.586003946590012,-27.577465962380025,-15.901389898190944,-16.12973489148056,-0.5144154132146553,-0.20338459988239363,-7.02258765073539,-9.467793505180058,0.22727482351176256,-6.44570500565133,37.978375287038354,0.059752372372715266,0.1623956088362069,common_voice_en_41692285.wav
-368.4816360058992,64.0361708972765,23.682892833067022,21.84885470374771,-0.10850165654783664,4.765166977339464,-4.05850119224709,-4.574197610273309,-4.687768950896419,-7.7013611646935995,-9.563676940520173,-1.558563252668018,-1.257141710906897,34.57259755435845,0.036307468134300594,0.19061279296875,common_voice_en_41647490.wav
-296.5612741271835,27.088055474308586,10.792969098559063,9.064202778563915,-22.907578050415978,-20.258575388917286,-23.698316273376413,4.884106858351112,-10.10457593647603,-14.377950302851955,-7.643781542306033,2.014885620968374,-9.490018428821639,75.02427667891817,0.06190097491970497,0.2993716416855204,common_voice_en_41765553.wav
-548.5122213363647,47.88199179060757,27.436179934535176,30.948782007675618,5.886108945589513,-2.992142852861434,-3.490426326286979,-1.567523178528063,3.708953450899571,-3.209257648093626,0.7977666099905036,-5.947144576814026,-5.000441418262199,20.24597406387329,0.015146017161037056,0.1462554931640625,common_voice_en_41366246.wav
-322.32305479585455,81.35949419455582,19.133984386251214,37.279061861252515,-6.8819817427671355,11.570387429965848,-7.664043614619903,-36.87133287749347,-2.817071628118499,-8.419112542413929,-12.354139372873842,-1.1475402997450883,-3.358193283628547,27.67167504014594,0.050888108587345965,0.15242604459269662,common_voice_en_41291194.wav
-343.26755198494334,43.89266660622235,-0.08016073011635431,14.353210198504676,-19.786133108202552,-15.81131155544617,-13.6210649976802,-0.4211959356818694,-6.557689087475584,-3.2478192342557217,-9.115475110221105,-2.73638374065278,-6.911457456037646,36.50813886865241,0.05199768005706089,0.14601210297131148,common_voice_en_41653542.wav
-202.5922276687622,89.6911742568016,0.7809587731361389,6.455688076138497,6.699099838256836,4.187130560398102,-25.418042476907374,-3.9804058787822725,-12.766778822422028,-25.174735185146332,-9.016323610156775,-6.212394533574581,-18.860554421156646,23.806279491901396,0.15434454223839567,0.15601171875,common_voice_en_41532689.wav
-390.86055688297046,82.60564037741108,8.496068009997115,4.080284636138993,-3.0789586468873655,-35.185324460815856,-14.57001135049059,-5.4946392691310715,-21.343253513688552,-12.291452725198777,-16.117851815679494,-5.4949760244173165,-1.2472129328285946,46.717581658898034,0.05252062199836286,0.3067662856158088,common_voice_en_41414882.wav
-409.50102298736573,91.54145845375955,19.609186098910868,5.047631645798683,-1.7900277643091977,13.023179454617202,-0.3801011588610709,-9.77555927708745,-16.052867408543825,-4.696186602786184,3.6200291810929777,-7.068598909117282,-7.403793983068317,40.87183354705572,0.028321121685366962,0.14851806640625,common_voice_en_41474838.wav
-300.37920943761276,28.567631624923166,-3.3180489638441446,1.518584203440696,-17.849944986229353,-14.282362067393201,-26.20279269158777,-5.456110358254005,-8.027650139026218,0.7212262904839748,-7.616721941710655,-9.288461694746452,0.5546387580097101,102.67892232246824,0.06402937156022645,0.3532838983050847,common_voice_en_41633275.wav
-413.1717321805865,85.51391617159977,10.513900827860164,15.60976707141533,-15.535310258096624,6.604310367569745,-37.8930796359744,-9.255107332612866,-23.56497020733969,-3.553746234451499,-15.413840024410007,-14.315604790070347,-6.309537674639826,73.60104639382563,0.03395823591563385,0.22349134783878505,common_voice_en_41486099.wav
-377.42262909729357,29.822182587288708,1.4506805465917367,13.827936229419846,-14.61908490034197,-10.146913129728654,-15.775069329435425,-5.858323738366538,-5.603124974047862,-1.8881430737458902,-2.7225673981656917,-9.068369833547944,0.29751529034248664,50.4719573580633,0.04141856625124552,0.15378601427023122,common_voice_en_41654173.wav
-300.3634254523686,39.16120189183525,9.324599503885423,8.2708382868208,-32.286042034067215,-15.118409158874835,-15.117745006616627,-1.6391876684767859,-1.2287335284453418,-7.625637656184179,-14.972884405244674,-0.4708024398024593,-13.335588436467306,56.35200284549168,0.06432294046079873,0.21224365234375,common_voice_en_41653609.wav
-354.33822153508663,27.05456803110428,-1.8028680671704933,9.452230931899976,-21.8329108570033,-12.807421972567681,-15.944846148282522,3.192047835298581,-5.42794626930845,-6.460549747192999,-10.117090643529082,2.9699184894561768,-8.34269438375486,78.33506524504628,0.04315332376406367,0.24348831176757812,common_voice_en_41692243.wav
-529.8725766018704,69.63990899464032,16.018248476423658,20.08185775054468,-1.9708497364510287,0.9785756178804346,-9.492536892762056,-3.449469919945743,-0.16304825347017599,-2.614466411036414,-2.7452813002977283,1.3405787558168978,-3.96136707993778,34.61242300084045,0.01157247794201196,0.16796875,common_voice_en_41289494.wav
-402.30518782138824,35.57131871635405,3.961185685941018,16.47315026971046,3.8249974882928655,0.673603445776583,-12.745525521808304,-4.562643260598027,-3.5178744470419283,-4.115651007547664,-2.8084212362688654,-1.3372476167666416,-7.92850631782009,31.768464609747753,0.030582945078529395,0.3406728108723958,common_voice_en_41629760.wav
-345.8832149875974,72.67447719990628,1.6531998219999295,42.72080477536882,-18.58881193457298,4.747980625450032,-7.473798501260072,-16.028583409789118,2.4333659446644553,-7.722886383967492,-9.71152733309755,-3.2073230632011174,-6.560961482015628,59.08985492673892,0.044640361425990704,0.15581386529126215,common_voice_en_41289090.wav
-379.27770786791774,76.13342329253138,20.458045743603623,38.86712580510473,-9.050553218980806,-8.074909206974295,-7.351040147047128,-11.633774076415374,8.492296974479626,-13.000557400352132,0.37568080464823056,-2.3875773269518286,-5.123838694485943,22.917782825442544,0.041117297571816425,0.12135301438053098,common_voice_en_41366531.wav
-342.258274541837,95.7083878592353,-0.2868416370632492,50.154948639535455,-14.725938574175968,-4.7762688824506565,-19.20640397712449,-21.18586892794783,3.252377123476189,-10.151471085916056,-10.609786874571137,-2.797122884855092,-11.203527442762784,30.038808225471282,0.043528527981052494,0.16089551693925233,common_voice_en_41289092.wav
-342.4182784656684,33.706837352365255,-2.831541678713014,6.324329042186339,-16.493400998529978,-12.746433602063917,-11.96099178751077,-9.225566877032785,-13.399720961693674,6.054484685650095,-7.041313082290192,-5.504593398965274,-5.3739842420133455,65.34918683736275,0.053074123850254416,0.2200495402018229,common_voice_en_41653757.wav
-349.8392473924606,82.04224710684409,14.72006038122158,27.834018419372207,-15.186042923061924,15.127904400229454,-10.404885685698872,-30.836654703486413,3.2649706354275105,-10.939838324519084,-12.090461587563237,-3.2003408297497957,-4.954872136527205,21.30701606150936,0.05059717678429775,0.15655811330213903,common_voice_en_41289521.wav
-279.39049621775183,41.67961051708032,-4.8241098775893825,1.7255130227918458,-18.51527692157508,-17.06546021224577,-33.85672070909653,-1.3001379063863794,-8.997954416847179,4.472776413616186,-6.4691048844202665,-9.746182115269109,-0.9237205577299061,50.98173526268971,0.06868109428869525,0.2106037381329114,common_voice_en_41640893.wav
-337.8651095891403,80.20293961911551,-16.32319174799542,6.648615823290442,-13.401421263056287,-0.14479444188586735,-17.310664726179198,-14.576026654954852,-4.575001247206145,-16.385171086606334,-19.163261906743724,-2.947217874691985,-3.8388839296701938,50.59794500891098,0.04907589382163149,0.168895656779661,common_voice_en_41633128.wav
-627.0400734528672,69.17851354143946,30.457423470952182,12.833029835886762,19.487565870666263,-4.408948800890579,-3.5180283200165947,-6.218607748220415,-10.139519656521415,-5.5518216965767335,-12.771724680542643,1.021830173086394,-8.417521818451167,37.96604832779938,0.002418731947621608,0.24122085184010153,common_voice_en_41548292.wav
-352.0038416578963,31.700557650721354,-3.1132303726909734,3.404258991188898,-15.509754441477156,-16.564803261335033,-24.2933713462317,-4.590538529452641,-6.5876947784343285,-0.9994703000474319,-6.945985572941199,-8.540935403591877,1.3820930879839972,46.97208324276112,0.054640122711018355,0.19740419130067569,common_voice_en_41633303.wav
-310.2123412596874,75.00183462786178,8.428643978129212,30.326558584848847,-3.513970485004859,-1.591153581507313,-2.286001094449789,-31.010511519506764,-3.446179784547824,-14.368733624008318,-6.154047525678881,-5.029312141048602,-13.282061781937209,39.00449243531777,0.043206563982499946,0.20562587640224358,common_voice_en_41290111.wav
-306.14378501373585,92.787482812422,10.792160746252652,36.56979049004397,-14.64972810244676,1.7111907325034004,-19.79306307174627,-24.003346097845476,6.281433146627783,-17.15373404765303,-5.896380548555295,0.6649082457122294,-11.515811281477653,25.230251512915185,0.06472364500788316,0.13657890245752427,common_voice_en_41289508.wav
-429.22099095006143,72.10303840810253,19.325027873258918,9.645380179127377,-15.410822351853694,-2.65353423471172,-22.25921517286089,8.59340587282373,-4.42436090207869,-9.180573076310177,-5.932577895361089,-7.917710617545151,-9.668294505486566,77.43199000579696,0.026177860593383204,0.21089024697580644,common_voice_en_41795315.wav
-364.6330179556822,61.345262491741245,14.446899952462468,4.0173168535320425,-15.294435052033991,10.71330506244722,-36.55165472218337,17.96603906634622,-27.19716590303832,0.23752072329322496,-4.374523316390621,-16.893552823780247,-12.628651682036715,68.45353824511552,0.04215776046166082,0.25881097255608976,common_voice_en_41796378.wav
-164.8031480085282,88.3262189638047,9.187227719170707,13.926149507505553,16.374231792915435,-15.0804140096619,-26.43326448485965,10.479645478725434,-12.225520491600037,-4.251040681203206,-5.549978851136707,-11.543976571162542,-6.624245114837374,27.50988359678359,0.13334699953175438,0.16534133184523808,common_voice_en_41669390.wav
-314.976044370417,96.53157849897418,22.75364077300356,34.14413558129679,-12.938157652553759,5.125756033941319,-3.4534879781697927,-19.692296124733332,-8.433582992668738,-5.620016362844852,8.235309707098885,2.0378361872413704,-8.385469572585926,18.927920216531085,0.04802542816022444,0.10993181195175439,common_voice_en_41350795.wav
-377.5751095433389,75.50418006030903,7.912614671633609,37.48280218327719,-20.879362740486318,3.0352916151675724,-1.665081788079753,-19.79795676133325,-2.1294130491723697,-10.480364578505677,-3.4110146132523136,-8.083483445473135,-9.7017579970641,24.09286961968868,0.03525981903354595,0.17019751764112903,common_voice_en_41289037.wav
-367.00903601057075,35.74286742223782,-3.8574151438190025,10.664038678045186,-15.892776588710506,-14.263316890329458,-21.245476349853398,-4.56026361146,-5.027613018587064,-0.7854180192219072,-6.76016501931662,-6.596547329526269,0.6368332823759384,69.07284110717559,0.04441820927540166,0.22054402212078653,common_voice_en_41653916.wav
-298.2856501971974,39.29988187984404,7.6714399469327,-0.7899766155545983,-27.001395452696848,-5.273764027417272,-15.636105416000218,-10.746481044320664,-0.5263418888801015,-12.21936051635866,-8.204153011311028,-6.354580134514025,-3.714103944761697,65.30607162240673,0.06599457588929201,0.2262561274509804,common_voice_en_41686497.wav
-326.5367306165917,36.71654704204479,34.721820211297896,21.158768725083316,3.7098717559562173,-5.1025901718368365,-22.783975403149462,-2.3177460807830443,-3.1924596649897827,-4.985076864574884,-8.188097603261731,-4.30055952648264,-4.369442033408166,28.653116734265243,0.04394069367847192,0.22537018531976744,common_voice_en_41583225.wav
-384.0457718947838,67.87290805372699,31.91533029850187,25.128565484850572,-7.254966677262865,1.0148450806736946,-8.29834540670031,-0.029780102797366422,-12.366598270576576,-8.050250601537268,-2.1700769028273124,-9.803023031559484,-9.622270167259307,20.339483343578618,0.027121713281115355,0.18963833512931033,common_voice_en_41517336.wav
-368.8661273031524,79.89393668463735,-6.495164289618984,33.11865364240877,1.6962426955049688,11.983947561320031,-1.1807358050436685,-19.236200086095117,-11.4779774230538,1.7419181671558004,-5.576036421186997,-3.164933863462824,8.200815251153527,35.85745160292947,0.04429078816423443,0.13646721117424243,common_voice_en_41475404.wav
-345.0255525637896,88.41649585442666,17.678649442012492,43.876185702666255,-17.49798408104823,6.563543406358132,-6.411773895606016,-21.316739292710256,5.201541710587648,-13.016608184499619,-8.272102829737541,-4.723662211631353,-9.174750881164503,20.57006165003165,0.04454613720299676,0.11101512419871795,common_voice_en_41289396.wav
-428.9226654200878,23.863612657261434,-3.593777321172806,6.331115314940407,-20.150190185502318,-13.490118929013176,-11.053165904006658,0.7363363110677348,-3.1703330830951195,-4.371984241003605,-7.355519216476027,-1.5237575286538205,-6.923016342497204,27.912791315212992,0.032603665047489516,0.09980373938106796,common_voice_en_41653651.wav
-384.09097314453123,64.25061898612977,2.7965018107295037,29.257506873130797,1.0125806884765625,-3.527717347621918,-5.183343096256256,-9.984060836076736,-8.536100037574768,-1.7373380389213562,-14.927806734323502,-11.005135628819465,15.180932625770568,41.12898249959946,0.021906340194982478,0.1608984375,common_voice_en_41692019.wav
-479.7093700652427,52.06232814332272,21.01058423011861,17.743058399317114,1.7784942635830412,0.10985993419555908,-5.060142684173076,-0.8063851647237514,3.863400711420369,0.8540439035030122,-1.571464128316717,-1.9651790660746553,-0.13386405259370804,18.974381102843488,0.019103789104461765,0.13806931515957446,common_voice_en_41369060.wav
-328.483280715122,69.98971939215096,6.506698218404606,17.92147341675015,-2.5455870481748737,-0.5882150854474755,-19.297303975910268,-11.7117828316586,5.10776163869968,-6.0168587378756975,-27.61617445721421,-7.420854412259594,8.456735439518447,34.95049037087348,0.033503498453712616,0.16020087785618278,common_voice_en_41692025.wav
-371.23495384954634,19.324961134292668,8.664864270647447,-1.0410287330648111,-25.575161680729398,-10.994287358056154,-10.571570502203558,-4.080231981231801,-7.876804404892027,-6.324653311046742,-4.676598541498665,-4.902686491428364,-2.911738696117555,47.705196314761714,0.045082592847242794,0.2720907888104839,common_voice_en_41632278.wav
-325.08314924568964,81.46865914279017,14.002883987180118,23.10985265148097,-5.956858682426913,-19.54718430884953,-10.754052010178565,-10.31911264236631,-9.2258944272995,-3.524767929161417,-16.720708937891597,-4.02521587692458,-0.1243386749563546,19.185567298428765,0.05625103603173368,0.14753838900862068,common_voice_en_41547689.wav
-355.9151800055253,32.955675539609636,-0.3831094323020232,14.63793130782678,-14.195683950362238,-22.24787213084729,-18.425435513650115,-5.514165940253358,-13.784150226727911,1.7478371686057042,-4.5377626986683985,-6.919086952742777,-0.3452159027127843,40.64617761851925,0.05434695506252415,0.14664499383223684,common_voice_en_41664201.wav
-259.3394842601958,34.376973340005584,1.8998852961765222,14.870012689914022,-18.32089289539046,-18.63644458430928,-25.711009059246486,-7.700628542925888,-18.773114174346386,-0.7445150936320747,-5.679054392558156,-12.573566226861178,2.3883715524172886,54.122425349372804,0.07505817580895785,0.24053030303030304,common_voice_en_41678614.wav
-294.741749336606,43.16106147073387,7.681345882005102,-2.464853375480466,-22.904484021345464,-12.570477441948883,-19.3169875435132,5.1022094284006885,-6.12787714508096,-10.799281383203786,-4.937169488488386,-5.269941799267239,-3.970658025620062,43.36211372443608,0.0619576751383295,0.22642299107142858,common_voice_en_41704522.wav
-357.97267697308513,95.83007410732475,-9.735844456464857,42.8737657094324,5.132121053901878,9.95603201387299,-9.890496133147058,-17.628882631055408,-10.341549298851877,2.9659030086083993,-11.660015505109284,-2.063409916150409,8.997104224321005,40.00417713720251,0.04108791578245645,0.13573888830236486,common_voice_en_41475405.wav
-326.00950711076433,35.81343642282634,-1.6437580286633244,1.6927688856974492,-29.69747137480019,-3.9466375021150757,-12.576215650371754,5.866413028159523,-5.821141615571732,-8.923847367750348,-4.712979916215602,-2.842904783661853,-6.580601290609296,76.08508213844088,0.050435562975249086,0.24899106526243095,common_voice_en_41692385.wav
-365.07955868644,71.052100417129,4.601248014139833,34.37153752555388,-17.689648796312557,-0.6226564966379347,-12.117694072749304,-12.480405426960184,3.4013625771640252,-8.810533472423598,-0.23506055230864828,-6.758020647888228,-3.772812423545011,38.298119895946904,0.044257914777116644,0.16008042993012422,common_voice_en_41289234.wav
-368.5067553953691,82.16086958755146,22.998039329593833,-0.896469162861732,-8.0139142757451,-2.916819655590437,-9.873864290981807,0.4843877853656357,-15.201090526005084,-0.6903519008985974,-3.3479306706100362,-2.995287908452817,-5.025830244984139,33.0662154848264,0.036686373653517214,0.15903264825994318,common_voice_en_41827319.wav
-407.8331380933523,71.65834355168045,11.293155189196113,25.93136369198328,0.34485152788693085,6.0252826061914675,-8.718036281410605,0.5783399431966245,-4.932736124843359,6.334373509336729,-0.27179042642819695,-2.5552616486820625,-10.80242544459179,20.2790709893452,0.028899363969287606,0.13912010192871094,common_voice_en_41503591.wav
-409.53617652686864,89.93723350517065,9.795392634699473,33.73417075356754,-0.6997734899968244,-3.4821989680850156,-10.947945557643768,-17.294349934750546,5.061585962432562,-12.449406311362731,-8.128155447123152,-4.833302483877151,-9.0583483365507,24.10222821125576,0.03237809055492501,0.15361943975225226,common_voice_en_41289381.wav
-442.11839890252975,73.88202567384357,-12.409003429327692,3.987696699869065,-14.037139951331275,1.111828031036116,-24.01405863178273,-12.96110247306171,0.9761719068955808,-6.777938349757876,-13.629272402290788,9.933086731604167,-13.6265682240682,39.132507675176576,0.024671001427191086,0.14958379836309524,common_voice_en_41459660.wav
-300.8721391025342,32.115353289011274,-3.623173952494797,3.100011840315634,-33.778884097786715,-16.545615997802663,-11.737954541428113,-2.058371167629957,-4.307045219882735,-9.249682170510487,-6.07305449688513,-5.599287653194838,-1.6307967614970709,58.019680775309865,0.06444498947908643,0.22210372121710525,common_voice_en_41632284.wav
-318.7773867756331,82.7781006138341,19.543475155522223,28.906116627511523,-16.561269761246887,5.7266805163857075,-1.429072343978752,-15.437782483238752,5.33595790060199,-5.867113211527974,-1.343966766279571,-2.8802273273468018,-3.2246141709437985,23.115853513179182,0.04751921171792878,0.1661053093112245,common_voice_en_41307022.wav
-401.8044957574808,55.390765539505196,5.611106944346578,2.353823143777982,-8.99647395790748,4.7130088168869975,2.478084940861606,-2.294845547972235,3.958757834708166,-5.951259509619302,-2.881898170184789,6.793126872875406,-7.197348939266595,44.28085218435563,0.02585738736959672,0.18863932291666666,common_voice_en_41816931.wav
-387.45047297947843,56.52439077919078,28.63802178602823,12.965785267207544,6.162232039819861,-15.370099655969042,-14.432258939519174,-20.47849848296301,-15.187796135078854,-5.566410522365794,-9.400963035547678,-1.4578486400188555,0.694698621584496,26.04873381855902,0.03700946684307916,0.17562078198356806,common_voice_en_41435787.wav
-346.2780672940341,69.16023827791214,4.0660002310167656,10.938195432180708,-3.2675817562097853,-6.608132696151733,-13.836111166328191,-3.3830183312296866,-7.223130911453204,-9.082896376333453,-21.04977783797817,2.8739413838494907,-2.4282852913168345,39.92197313396768,0.04101850023212536,0.18527610085227272,common_voice_en_41650825.wav
-318.2853842196257,84.97084867737621,22.10865009110421,25.36720097368664,-14.396704201546052,-9.833662769190319,-19.665842330994327,-1.8912937778412648,-3.6985449002367323,-12.240240527812958,-4.582777998420289,4.915826219518709,-18.920808639387477,28.59199715308521,0.04323056993622804,0.18158224354619565,common_voice_en_41290028.wav
-359.9981145778624,66.56655420275295,-7.828196143653212,19.01560332131486,-4.303482518977478,-1.30584849905567,-9.262796214147777,-17.991492991938312,-2.6848097166844775,-6.250731070126806,-7.680325546560168,-0.6518479515524471,-2.2898150406965687,58.083306429265924,0.04261914136798875,0.2208057050945378,common_voice_en_41291108.wav
-401.8366394042969,63.183193355071836,5.203347195394155,12.439631629371789,-5.770611695400098,1.877219510650853,-30.963703521322913,-7.215123879927687,-15.44598962984434,-10.030865787006006,-9.87206740713701,-15.617726792286081,-4.349307909835039,65.26005323994451,0.03173838463514651,0.2743217654344512,common_voice_en_41485468.wav
-307.1232673695545,61.049514682877145,41.78704195928495,27.672269673536945,4.082407511425334,13.208915587292601,-12.748147497410017,-5.203566081624552,-12.044287367322982,-0.2307381671390786,-3.585126542492418,-5.805854313272909,-10.8309310694404,48.12185653215212,0.04557217061380849,0.1946237324089404,common_voice_en_41383256.wav
-311.8694713884364,35.08655794198966,-1.7189261042283939,17.917298878069783,-18.971470361748516,-11.155360006569513,-20.337853547088965,-8.094087256296778,-6.946854884049198,2.016414263382391,-1.2880403359898982,-11.592634295062492,3.615859196707097,55.292305539865964,0.05854652491365598,0.20417360399590165,common_voice_en_41653928.wav
-322.3360654484142,53.62021405769681,5.240285243398764,-3.084222576293078,-22.94143540056592,-11.446854843537915,-13.307707815617324,-4.572777423838323,-5.212760312160985,8.85050226685337,-9.849576766856693,-8.310534688999708,-2.3615481900897892,59.42016159377315,0.058664212206086294,0.19304865056818182,common_voice_en_41691674.wav
-421.5918223928898,48.455651446606254,1.3788017116011457,17.217883441311884,-7.280438313855136,-7.245895531963795,0.1121760681747122,-7.625671398600049,-8.711436036141945,5.904222805718792,-10.327245931707798,3.5037651099581666,-8.67033961760871,89.02905175717588,0.02911477251460344,0.2666472739361702,common_voice_en_41465981.wav
-365.6350928858707,65.55923833524375,27.253850286000205,22.747242579782817,-11.676816175978884,-12.392992006432742,-15.275657095519223,-0.2630212495201512,-6.187351423546784,5.72075594412653,-5.921617820074684,-7.702056175559983,2.898547776995745,36.21084366862039,0.03623591626622746,0.21937411889097744,common_voice_en_41486401.wav
-337.04013263478,73.39888441086035,3.4321433972183835,48.39034308984821,-6.728463892297655,0.6134577819474918,-9.877803207320326,-20.732625125564965,2.5823014015400343,-16.601330728324896,-12.620741269551218,-4.898609026526922,-7.465972955804318,48.18413774055593,0.049799041459263046,0.17451028262867646,common_voice_en_41289637.wav
-393.88667164208755,48.74388667835661,-13.566650105675436,13.936161661555744,-13.783755144912679,-5.597983412655457,-23.733987453270633,-17.76671940235878,-7.324265815458208,1.4203977197900695,-9.664887683184922,7.664658613292114,-1.0050895192291376,46.105033457279205,0.03344328549445771,0.18990455483490565,common_voice_en_41388272.wav
-302.1352376937866,71.21430986055306,4.083814709314278,16.71964617339628,2.0774388755006448,-7.969959360946502,-24.744614420458674,-6.388831520453095,-10.945208921363312,-5.674110711951341,-11.6158464971065,-2.8527801830454598,-23.833843748750432,37.079074766353834,0.07769747983586837,0.19513375418526785,common_voice_en_41735538.wav
-338.14463409423826,80.78787872155507,3.23458988904953,35.64369216601054,-11.96716189344724,6.192760942578316,-10.512158668041229,-21.276979911724727,3.5060654590527216,-12.263849072058996,-14.064883323510488,-0.3969330640633901,-6.054481288293998,36.21461687386036,0.04684021674671385,0.16354817708333333,common_voice_en_41289636.wav
-404.2468330046259,60.474449058298966,5.532753551446171,29.670102102248126,-10.447951277112027,5.301679668536627,-3.605186847782877,-24.583930867518408,-5.622869312576202,-11.409940464654003,-9.384078354548558,-4.545439092472315,-5.29254466827106,62.10515350498349,0.031045738523949606,0.23172769201807228,common_voice_en_41441573.wav
-374.67833317347936,81.98263113839286,-1.2727597843323435,11.838668170997074,-10.817114437052181,-1.0333584406546183,-10.86068222682391,-8.509621352808816,-1.4623454347252847,-9.28671027230365,-17.543586624520167,1.0843918845057487,1.2981648660131864,28.649652261180538,0.039810842280526386,0.1490478515625,common_voice_en_41650834.wav
-301.66772340075806,23.92786401004927,26.06012147340444,-8.030341297388077,-20.714357001209024,-13.584970084452394,-17.341202702262613,2.5211267913922226,-16.81648612616233,-13.467456297561673,-6.311516576252951,-2.4456604612198207,-2.9452274882852443,39.671863422830505,0.061829574302537285,0.2901188312190594,common_voice_en_41704530.wav
-394.71310347684454,113.53343876948855,17.43865123552536,22.335563041350472,14.399812429282639,-2.127529267369625,-7.461334361173616,-1.272107434617053,-11.662738889832358,-20.051936883788677,0.2365571751329873,0.48765596247106685,-15.422475974912677,26.300392055285535,0.033694734712827294,0.13118548341606498,common_voice_en_41674821.wav
-326.85768053327286,38.84259167313576,3.9451859558905875,-4.366849294134549,-26.799125341517584,-6.827557514565331,-17.360920769998007,-6.789627983910697,7.12481314671891,-11.525010739394597,-6.428548957790647,-5.988976666884763,-1.7057601376942226,79.9156358562197,0.05508667996671761,0.27498604910714286,common_voice_en_41686447.wav
-395.56840749646796,74.60627131762563,13.017203858519187,17.503675687997067,-6.822823694830791,-2.6624785468104433,-29.06018403355704,-8.884264632326659,-19.108901611117066,-15.069667138586768,-10.356925128913316,-17.882263873932793,-5.58319222835488,53.29301060113262,0.03656125251490878,0.22580806544569673,common_voice_en_41485479.wav
-426.1666691912352,22.227761007355948,9.169696770880345,19.411925045134378,-19.188313673501902,-12.162992363428547,-7.388296136999652,-11.257569921386503,-6.665813257224368,1.5168183108750921,-8.079168973830495,-3.290291842209162,-1.4865840526066558,31.017902841968258,0.03228109512891625,0.11321709625912409,common_voice_en_41650559.wav
-366.76649615478516,66.90095845127105,-19.513161292552947,27.074351097345353,-17.334944114685058,1.0378232650756836,-10.35133200097084,-16.216061952233314,-6.85436862206459,-17.893072399318218,-4.691486112952233,-2.5717061584591865,-6.460827724933624,33.70508242988586,0.03892873088596389,0.14843359375,common_voice_en_41307806.wav
-335.23158479679773,48.29105461477223,0.7799378231925479,14.896254544835642,-18.928718356489295,-13.886716810828549,-16.585431612859676,-3.1993673153768825,-6.044268832915583,5.797189185301126,-9.245693236694667,-8.953713753718441,-1.388702422569869,74.09323322436231,0.055955737102554304,0.2595945886299435,common_voice_en_41691663.wav
-350.1088172240579,30.483851751746908,-0.5424426060575278,-5.282542711403703,-21.468090862344585,-3.8623062983695706,-14.084582201557456,0.3784211601463624,0.37949850390920986,-12.64919427361513,-6.712486055848512,-1.4017331586291752,-6.453541379672876,91.82536494276376,0.04695192855325142,0.2929080310880829,common_voice_en_41765127.wav
-250.68183337152004,66.580534698267,-18.027754896946135,6.0715184910804965,-23.898773049353622,-12.610050708404742,-17.397615664769546,-10.963408659474226,-1.7701004060800187,-1.9072097745956853,-14.347406562883407,-3.7356927979853936,-4.023386705899611,69.31189241725951,0.10288010713219431,0.18455123901367188,common_voice_en_41696290.wav
-484.9703752441406,78.18313419342041,26.541694502830506,32.38205859470367,-7.859894694328308,-2.296731381058693,-4.606933941483498,-12.400315634012223,-4.055164293766022,-5.268018810540438,-3.9270660371780397,-3.4227696672677994,-0.9604264739155769,22.34488890695572,0.015403999312417,0.1669609375,common_voice_en_41290416.wav
-372.3270928906829,90.2458512465591,16.49448936082158,12.541469180536836,1.9692670987999958,0.5482871382839595,2.997056311239367,7.287474684328901,4.503101236735408,-2.808982589675975,-1.7353827350813409,4.956956299102825,-0.9988079633225094,11.889862552285194,0.05207942940514229,0.09867527173913043,common_voice_en_41881685.wav
-371.12214350844874,88.35474725781064,12.044497098705985,23.28061205275131,-5.970295359329744,-27.21574118625034,5.044657207619061,-10.857906785517027,-13.310926498246916,-6.314756348232428,-15.906155028058723,-4.186410241235386,-9.70675932566325,34.23325887322426,0.04490223545404715,0.12853042140151516,common_voice_en_41539144.wav
-264.7599892272949,63.64006218624115,12.080444505691528,4.005786244392395,-9.811230387687683,5.890061281442642,-28.238331421613694,-2.9988443405628202,-15.520304822683334,-5.772559148788452,-9.250139426708222,-10.224001266002656,-3.5310358902215957,44.55749510240555,0.09472720224549994,0.22826953125,common_voice_en_41731588.wav
-476.39098918543453,52.90765678777104,1.785986206964054,11.797355364645476,-13.928873752334477,0.004628003039191255,-18.909261953250496,-5.276408747234176,-14.47548262207909,-8.412431010102804,-11.624629535769994,-3.8594945059940877,-5.657799891402236,36.10907921537889,0.017474794877405626,0.19638412610619468,common_voice_en_41632678.wav
-341.50963464483516,37.41678388052053,-1.505171974638959,4.665549103821908,-21.252726323277383,-8.035650928849941,-16.11600403185491,-7.6647727095580604,2.7341316058919145,-8.86892995050737,-8.328969979411239,-8.121367621463495,-2.229654451767048,85.87657333087255,0.05196709963140581,0.2621353256118881,common_voice_en_41686493.wav
-374.76424698863957,94.6991806008833,20.525442463888538,28.61436410430524,-2.4602957598918636,6.399684763426404,-13.634562045442973,-16.553890593832346,-0.15827279403912936,-15.668525063412652,-14.76299781614928,-6.031047924173822,-0.8327950372112741,22.203476800764207,0.03740933211785965,0.16227799010791366,common_voice_en_41289580.wav
-288.37031355558656,30.550679547091324,-3.414800897898043,11.372989797964692,-13.240280262304141,-17.90371615121908,-29.15101115383646,-4.156647957423154,-7.307919186777344,0.7942766461740521,-4.372040451011237,-10.069526409145956,2.4096815057244956,70.52848503636379,0.06958997229291777,0.26935652190563725,common_voice_en_41653912.wav
